Concert List,Time
Amsterdam Night Three,2026-05-20T18:00:00Z
Amsterdam Night Four,2026-05-22T18:00:00Z
Amsterdam Night Five,2026-05-23T18:00:00Z
Amsterdam Night Six,2026-05-26T18:00:00Z
Amsterdam Night Seven,2026-05-29T18:00:00Z
Amsterdam Night Eight,2026-05-30T18:00:00Z
Amsterdam Night Nine,2026-06-04T18:00:00Z
Amsterdam Night Ten,2026-06-05T18:00:00Z
Wembley Night One,2026-06-12T19:00:00Z
Wembley Night Two,2026-06-13T19:00:00Z
Meltdown Music Festival,2026-06-16T19:00:00Z
Wembley Night Three,2026-06-17T19:00:00Z
Wembley Night Four,2026-06-19T19:00:00Z
Wembley Night Five,2026-06-20T19:00:00Z
Wembley Night Six,2026-06-23T19:00:00Z
Wembley Night Seven,2026-06-26T19:00:00Z
Wembley Night Eight,2026-06-27T19:00:00Z
Wembley Night Nine,2026-06-29T19:00:00Z
Wembley Night Ten,2026-07-01T19:00:00Z
Wembley Night Eleven,2026-07-03T19:00:00Z
Wembley Night Twelve,2026-07-04T19:00:00Z
Sao Paulo Night One,2026-07-17T23:00:00Z
Sao Paulo Night Two,2026-07-23T23:00:00Z
Sao Paulo Night Three,2026-07-21T23:00:00Z
Sao Paulo Night Four,2026-07-24T23:00:00Z
Mexico City Night One,2026-07-31T02:00:00Z
Mexico City Night Two,2026-08-01T02:00:00Z
Mexico City Night Three,2026-08-04T02:00:00Z
Mexico City Night Four,2026-08-07T02:00:00Z
Mexico City Night Five,2026-08-08T02:00:00Z
Mexico City Night Six,2026-08-10T02:00:00Z
MSG Night One,2026-07-17T00:00:00Z
MSG Night Two,2026-08-28T00:00:00Z
MSG Night Three,2026-08-29T00:00:00Z
MSG Night Four,2026-09-02T00:00:00Z
MSG Night Five,2026-09-04T00:00:00Z
MSG Night Six,2026-09-05T00:00:00Z
MSG Night Seven,2026-09-09T00:00:00Z
MSG Night Eight,2026-09-11T00:00:00Z
MSG Night Nine,2026-09-12T00:00:00Z
MSG Night Ten,2026-09-16T00:00:00Z
MSG Night Eleven,2026-09-00T00:00:00Z
MSG Night Thirteen,2026-09-19T00:00:00Z
MSG Night Fourteen,2026-09-23T00:00:00Z
MSG Night Fifteen,2026-09-25T00:00:00Z
MSG Night Sixteen,2026-09-26T00:00:00Z
MSG Night Seventeen,2026-09-30T00:00:00Z
MSG Night Eighteen,2026-10-02T00:00:00Z
MSG Night Nineteen,2026-10-03T00:00:00Z
MSG Night Twenty,2026-10-07T00:00:00Z
MSG Night Twenty One,2026-10-09T00:00:00Z
MSG Night Twenty Two,2026-10-10T00:00:00Z
MSG Night Twenty Three,2026-10-14T00:00:00Z
MSG Night Twenty Four,2026-10-16T00:00:00Z
MSG Night Twenty Five,2026-10-17T00:00:00Z
MSG Night Twenty Six,2026-10-21T00:00:00Z
MSG Night Twenty Seven,2026-10-23T00:00:00Z
MSG Night Twent Eight,2026-10-24T00:00:00Z
MSG Night Twenty Nine,2026-10-28T00:00:00Z
HARRYWEEN Night One,2026-10-30T00:00:00Z
HARRYWEEN Night Two,2026-10-31T00:00:00Z
Melbourne Night One,2026-11-27T10:00:00Z
Melbourne Night Two,2026-11-28T10:00:00Z
Melbourne Night Three,2026-12-02T10:00:00Z
Melbourne NIght Four,2026-12-04T10:00:00Z
Melbourne Night Five,2026-12-12T10:00:00Z
Melbourne Night Six,2026-12-13T10:00:00Z
